City_ID,City,Lat,Lng,Max Temp,Humidity,Cloudiness,Wind Speed,Country,Date
0,waitangi,-43.9535,-176.5597,11.01,76,96,0.45,NZ,1701792563
1,adamstown,-25.066,-130.1015,22.4,82,100,6.19,PN,1701792563
2,thompson,55.7435,-97.8558,-12.29,94,66,2.36,CA,1701792563
3,hithadhoo,-0.6,73.0833,28.23,73,41,2.87,MV,1701792563
4,edinburgh of the seven seas,-37.0676,-12.3116,15.34,95,100,5.09,SH,1701792564
5,wailua homesteads,22.0669,-159.378,23.44,86,75,8.75,US,1701792564
6,margaret river,-33.95,115.0667,13.89,83,8,5.2,AU,1701792564
7,afaahiti,-17.75,-149.2833,24.93,83,100,7.65,PF,1701792564
8,say,13.1007,2.3689,35.68,10,1,3.3,NE,1701792564
9,pimentel,-6.8367,-79.9342,25.16,61,0,6.69,PE,1701792554
10,papatowai,-46.5619,169.4708,9.75,85,99,0.7,NZ,1701792565
11,west island,-12.1568,96.8225,26.99,78,11,4.63,CC,1701792565
12,ribeira grande,38.5167,-28.7,19.32,88,75,10.8,PT,1701792565
13,kijang,35.2442,129.2139,9.2,42,0,1.7,KR,1701792565
14,arkhangel'sk,64.5401,40.5433,-23.94,77,20,0.0,RU,1701792449
15,hawaiian paradise park,19.5933,-154.9731,21.73,94,100,1.54,US,1701792566
16,iyidere,41.0119,40.3619,12.98,92,100,1.71,TR,1701792566
17,portage la prairie,49.9728,-98.2926,-6.05,100,100,4.63,CA,1701792566
18,tambacounda,13.7539,-13.7586,37.63,9,0,2.53,SN,1701792566
19,puerto ayora,-0.7393,-90.3518,29.98,90,88,3.58,EC,1701792567
20,college,64.8569,-147.8028,-20.06,77,75,0.0,US,1701792347
21,salekhard,66.53,66.6019,-36.07,100,39,1.99,RU,1701792567
22,sarande,39.8756,20.0053,11.85,91,100,2.81,AL,1701792567
23,banda aceh,5.5577,95.3222,26.37,87,100,2.25,ID,1701792568
24,tiksi,71.6872,128.8694,-19.05,97,100,4.29,RU,1701792533
25,lebu,-37.6167,-73.65,15.62,73,69,4.35,CL,1701792568
26,katsuura,35.1333,140.3,11.54,81,100,2.83,JP,1701792568
27,colonia,50.9333,6.95,5.88,92,100,3.09,DE,1701792315
28,wewak,-3.5534,143.6268,25.96,87,100,1.68,PG,1701792568
29,catumbela,-12.4314,13.5472,27.03,78,100,2.22,AO,1701792565
30,mossel bay,-34.1831,22.146,18.96,75,86,7.61,ZA,1701792569
31,grytviken,-54.2811,-36.5092,3.23,84,58,7.1,GS,1701792569
32,punta arenas,-53.15,-70.9167,10.06,40,40,14.4,CL,1701792382
33,ushuaia,-54.8,-68.3,3.79,78,76,8.43,AR,1701792504
34,maputo,-25.9653,32.5892,25.09,72,63,6.23,MZ,1701792569
35,klyuchi,52.2667,79.1667,2.3,95,100,5.88,RU,1701792570
36,port-aux-francais,-49.35,70.2167,4.33,84,99,8.56,TF,1701792570
37,hillsborough,37.5741,-122.3794,13.19,96,100,0.0,US,1701792471
38,salalah,17.0151,54.0924,26.05,73,0,1.54,OM,1701792414
39,nemuro,43.3236,145.575,6.27,85,50,4.91,JP,1701792570
40,new norfolk,-42.7826,147.0587,14.72,67,23,3.96,AU,1701792570
41,santo antonio,-6.3106,-35.4789,34.02,37,69,6.72,BR,1701792571
42,singkil,-7.9855,111.4161,25.32,89,100,1.51,ID,1701792571
43,mahina,-17.5065,-149.489,25.87,78,100,0.51,PF,1701792571
44,tolanaro,-25.0319,46.9987,24.42,78,100,5.66,MG,1701792571
45,ancud,-41.8697,-73.8203,15.39,73,7,3.44,CL,1701792413
46,san matias,-16.3667,-58.4,31.17,58,94,2.65,BO,1701792572
47,horta,38.5333,-28.6333,18.9,89,75,10.8,PT,1701792572
48,kodiak,57.79,-152.4072,0.73,86,100,8.75,US,1701792572
49,ilulissat,69.2167,-51.1,-20.37,76,12,2.71,GL,1701792572
50,albany,42.6001,-73.9662,2.58,82,53,0.89,US,1701792573
51,manggar,-2.8833,108.2667,27.31,77,99,0.41,ID,1701792573
52,labasa,-16.4167,179.3833,24.66,91,90,2.28,FJ,1701792573
53,kailua-kona,19.6406,-155.9956,22.5,76,0,1.54,US,1701792286
54,bethel,41.3712,-73.414,5.57,66,100,3.58,US,1701792568
55,turbat,26.0023,63.044,22.89,18,10,2.95,PK,1701792574
56,kingston,17.997,-76.7936,31.25,65,1,1.34,JM,1701792574
57,saipan,15.1355,145.701,27.39,78,0,5.14,MP,1701792574
58,sanming,26.2486,117.6186,12.69,93,1,0.27,CN,1701792574
59,rabo de peixe,37.8,-25.5833,17.77,99,75,8.75,PT,1701792575
60,iqaluit,63.7506,-68.5145,-12.39,84,82,4.02,CA,1701792575
61,da nang,16.0678,108.2208,25.99,78,40,0.51,VN,1701792388
62,santa terezinha,-29.9002,-50.0904,20.18,88,100,6.88,BR,1701792575
63,punta del este,-34.9667,-54.95,25.06,68,40,7.15,UY,1701792576
64,georgetown,5.4112,100.3354,25.96,94,40,0.0,MY,1701792576
65,coahuayana de hidalgo,18.7,-103.6583,27.31,56,100,1.53,MX,1701792577
66,bredasdorp,-34.5322,20.0403,18.95,65,89,7.17,ZA,1701792577
67,vorkuta,67.5,64.0,-30.13,97,34,1.67,RU,1701792577
68,petropavlovsk-kamchatsky,53.0452,158.6483,-4.19,79,21,5.36,RU,1701792577
69,happy valley-goose bay,53.3168,-60.3315,-10.83,73,100,4.63,CA,1701792578
70,jamestown,42.097,-79.2353,1.77,97,100,2.06,US,1701792305
71,praia,14.9215,-23.5087,28.3,57,40,10.8,CV,1701791961
72,taitung city,22.7583,121.1444,21.96,85,99,3.85,TW,1701792578
73,utrik,11.2278,169.8474,27.48,79,28,10.06,MH,1701792578
74,alofi,-19.0595,-169.9187,23.94,88,40,1.54,NU,1701792578
75,ust-nera,64.5667,143.2,-47.28,98,87,2.77,RU,1701792578
76,suntar,62.1444,117.6319,-49.4,100,68,0.88,RU,1701792579
77,whitehorse,60.7161,-135.0538,-7.72,96,100,3.09,CA,1701792579
78,anshun,26.25,105.9333,9.47,85,100,4.76,CN,1701792579
79,bay roberts,47.5999,-53.2648,2.03,82,100,1.79,CA,1701792579
80,tarakan,3.3,117.6333,27.5,77,83,1.7,ID,1701792579
81,hammerfest,70.6634,23.6821,-6.75,73,40,8.75,NO,1701792579
82,port mathurin,-19.6833,63.4167,26.1,82,93,4.08,MU,1701792580
83,olonkinbyen,70.9221,-8.7187,-1.83,75,83,5.94,SJ,1701792580
84,usinsk,65.9939,57.5281,-31.07,96,9,2.68,RU,1701792580
85,broceni,56.7,22.5333,-9.0,98,51,1.47,LV,1701792580
86,sitka,57.0531,-135.33,8.94,71,100,13.38,US,1701792518
87,nagqu,31.5,92.0,-10.58,57,100,1.57,CN,1701792580
88,blackmans bay,-43.0167,147.3167,14.07,56,22,3.13,AU,1701792581
89,lompoc,34.6391,-120.4579,14.4,61,0,3.6,US,1701792581
90,puerto natales,-51.7236,-72.4875,11.25,40,0,10.8,CL,1701792581
91,remire-montjoly,4.9167,-52.2667,26.02,89,75,2.57,GF,1701792581
92,malabar,-33.9667,151.25,25.98,69,97,3.09,AU,1701792581
93,lihue,21.9789,-159.3672,23.77,83,75,8.75,US,1701792581
94,lewistown,40.5992,-77.5714,5.48,84,100,3.09,US,1701792582
95,fortuna,40.5982,-124.1573,14.81,94,75,5.14,US,1701792582
96,stanley,54.868,-1.6985,3.62,89,40,4.12,GB,1701792582
97,bubaque,11.2833,-15.8333,29.22,44,4,1.82,GW,1701792582
98,bigadic,39.3925,28.1311,10.55,91,13,1.39,TR,1701792582
99,thinadhoo,0.5333,72.9333,28.28,76,50,4.84,MV,1701792583
100,alvaraes,-3.2208,-64.8042,31.93,48,90,2.41,BR,1701792583
101,sanya,18.2431,109.505,23.63,85,98,2.36,CN,1701792583
102,holualoa,19.6228,-155.9522,20.43,77,0,1.54,US,1701792583
103,yellowknife,62.456,-114.3525,-8.66,99,100,7.72,CA,1701792583
104,kapa'a,22.0752,-159.319,24.18,84,75,8.75,US,1701792583
105,wynyard,-41.0,145.7167,12.05,74,64,5.26,AU,1701792584
106,kawambwa,-9.7915,29.0791,19.56,91,93,0.81,ZM,1701792584
107,tazovsky,67.4667,78.7,-30.14,97,96,1.42,RU,1701792584
108,dunedin,-45.8742,170.5036,11.56,83,100,3.58,NZ,1701792518
109,santa helena de goias,-17.8136,-50.5969,32.74,41,97,2.87,BR,1701792298
110,carutapera,-1.195,-46.02,29.63,72,95,3.58,BR,1701792584
111,prince rupert,54.3161,-130.3201,8.29,81,100,8.12,CA,1701792584
112,saldanha,-33.0117,17.9442,18.3,73,95,12.53,ZA,1701792584
113,enewetak,11.3474,162.3373,27.76,68,95,8.23,MH,1701792585
114,madaba,31.5833,35.6667,17.06,56,100,1.62,JO,1701792585
115,grand falls-windsor,48.9332,-55.6649,0.84,85,100,0.76,CA,1701792473
116,tongliao,43.6125,122.2653,-1.83,81,61,3.26,CN,1701792585
117,naze,28.3667,129.4833,17.74,62,96,5.01,JP,1701792585
118,susuman,62.7833,148.1667,-46.12,100,100,0.89,RU,1701792585
119,saint-pierre,-21.3393,55.4781,24.82,69,40,5.14,RE,1701792586
120,nova sintra,14.8667,-24.7167,21.91,76,94,9.39,CV,1701792586
121,as sulayyil,20.4607,45.5779,21.14,20,0,4.16,SA,1701792586
122,iskateley,67.6803,53.1512,-29.43,94,6,3.13,RU,1701792586
123,altinekin,38.3078,32.8686,9.31,64,0,1.05,TR,1701792586
124,hailar,49.2,119.7,-14.42,79,7,8.68,CN,1701792587
125,barcelos,41.5388,-8.6151,11.08,75,100,2.0,PT,1701792587
126,atafu village,-8.5421,-172.5159,28.71,75,83,4.63,TK,1701792587
127,i-n-salah,27.1935,2.4607,23.05,16,23,2.37,DZ,1701792587
128,matadi,-5.8167,13.45,28.08,80,95,1.71,CD,1701792587
129,huarmey,-10.0681,-78.1522,22.86,74,83,5.0,PE,1701792588
130,devonport,-41.1667,146.35,13.07,68,56,5.91,AU,1701792588
131,jangaon,17.7167,79.1833,21.65,90,100,7.37,IN,1701792588
132,avarua,-21.2078,-159.775,24.03,88,40,5.14,CK,1701792588
133,grande prairie,55.1667,-118.8027,-0.26,94,81,2.8,CA,1701792588
134,qaqortoq,60.7167,-46.0333,-4.37,68,98,4.78,GL,1701792589
135,zaozersk,69.4005,32.4476,-10.89,89,100,3.54,RU,1701792589
136,sao vicente,-23.9631,-46.3919,32.1,49,94,1.34,BR,1701792589
137,broken hill,-31.95,141.4333,28.15,30,30,5.91,AU,1701792589
138,hamilton,39.1834,-84.5333,4.84,94,100,3.09,US,1701792407
139,ghadamis,30.1337,9.5007,17.92,37,84,2.67,LY,1701792590
140,sabana iglesia,19.3211,-70.7599,29.4,70,20,5.14,DO,1701792590
141,hilo,19.7297,-155.09,22.01,91,100,1.79,US,1701792561
142,kununurra,-15.7667,128.7333,26.99,83,70,2.57,AU,1701792590
143,san jose del valle,36.6085,-5.6944,14.99,72,100,2.28,ES,1701792590
144,touba,8.2833,-7.6833,32.59,24,6,1.66,CI,1701792590
145,tura,25.5198,90.2201,18.12,69,87,1.42,IN,1701792590
146,chingirlau,51.095,54.0814,-6.12,69,8,6.33,KZ,1701792591
147,udachny,66.4167,112.4,-30.72,97,100,2.47,RU,1701792591
148,mega,4.05,38.3,20.24,40,44,3.74,ET,1701792591
149,yatou,37.15,122.3833,7.4,78,39,3.34,CN,1701792591
150,plottier,-38.9667,-68.2333,25.05,29,66,5.13,AR,1701792591
151,invercargill,-46.4,168.35,5.97,94,50,1.72,NZ,1701792592
152,ayr,55.4627,-4.6339,3.99,81,0,3.6,GB,1701792592
153,ha'il,27.5219,41.6907,19.01,32,0,2.06,SA,1701792592
154,presidencia de la plaza,-27.0015,-59.8424,29.69,66,67,3.3,AR,1701792592
155,east ballina,-28.8667,153.5833,18.78,89,5,1.8,AU,1701792592
156,glace bay,46.1969,-59.957,2.77,90,100,2.24,CA,1701792592
157,hajnowka,52.7433,23.5812,-5.67,91,81,3.7,PL,1701792593
158,saint croix,17.7397,-64.7388,30.25,63,20,6.17,VI,1701792593
159,coari,-4.085,-63.1414,33.84,42,79,2.69,BR,1701792593
160,ardakan,32.31,54.0175,14.76,15,0,0.34,IR,1701792593
161,longyearbyen,78.2186,15.6401,-4.09,68,75,7.2,SJ,1701792593
162,wamba,8.9333,8.6,33.1,19,1,1.83,NG,1701792593
163,tralee,52.2704,-9.7026,5.14,81,0,3.09,IE,1701792593
164,gorontalo,0.5412,123.0595,24.76,94,62,1.3,ID,1701792594
165,talnakh,69.4865,88.3972,-32.6,84,14,2.71,RU,1701792594
166,northam,51.0333,-4.2167,6.45,84,47,2.9,GB,1701792594
167,bathsheba,13.2167,-59.5167,30.34,74,40,8.75,BB,1701792594
168,kone,-21.0595,164.8658,23.24,83,100,1.91,NC,1701792594
169,polyarnyy,69.1989,33.4478,-8.65,82,100,6.07,RU,1701792594
170,amga,60.8953,131.9608,-46.28,99,82,1.17,RU,1701792594
171,klaksvik,62.2266,-6.589,1.51,70,29,3.81,FO,1701792595
172,anadyr,64.75,177.4833,-19.72,84,0,4.0,RU,1701792595
173,richland,40.7834,-82.5499,2.42,93,100,4.12,US,1701792595
174,lodwar,3.1191,35.5973,33.45,28,21,4.14,KE,1701792595
175,dezhou,37.4486,116.2925,8.2,32,100,4.98,CN,1701792595
176,el porvenir,13.7617,-87.3458,25.63,47,7,2.5,HN,1701792595
177,greymouth,-42.4667,171.2,10.02,92,58,1.84,NZ,1701792595
178,mary,37.0,62.5,16.97,19,0,3.83,TM,1701792596
179,labuan,5.2767,115.2417,27.69,82,100,4.16,MY,1701792596
180,port elizabeth,-33.918,25.5701,18.39,73,100,4.12,ZA,1701792302
181,bikenibeu village,1.3673,173.1241,26.98,89,75,3.09,KI,1701792596
182,mokolo,10.7398,13.8019,29.22,12,69,3.52,CM,1701792596
183,san sebastian de la gomera,28.0916,-17.1133,24.2,64,20,2.06,ES,1701792596
184,ambalangoda,6.2355,80.0538,25.91,88,46,1.86,LK,1701792596
185,clewiston,26.7542,-80.9337,22.43,41,100,4.1,US,1701792597
186,mount isa,-20.7333,139.5,25.87,50,3,3.09,AU,1701792597
187,broome,42.2506,-75.833,2.21,77,100,2.57,US,1701792597
188,heroica matamoros,25.8833,-97.5,21.94,89,100,2.06,MX,1701792515
189,viedma,-40.8135,-62.9967,27.25,23,25,8.66,AR,1701792597
190,bleicherode,51.4403,10.572,3.84,100,100,2.38,DE,1701792597
191,callao,-12.0667,-77.15,21.16,78,40,2.57,PE,1701792120
192,khandyga,62.6667,135.6,-51.72,100,44,0.63,RU,1701792598
193,benguela,-12.5763,13.4055,27.4,75,96,2.8,AO,1701792598
194,san antonio de pale,-1.4014,5.6325,26.09,83,88,5.72,GQ,1701792598
195,lubang,13.8584,120.124,28.48,78,49,5.15,PH,1701792598
196,palikir - national government center,6.9248,158.1611,24.41,94,100,0.0,FM,1701792598
197,pocone,-16.2567,-56.6228,32.67,47,100,1.73,BR,1701792598
198,yuzhno-kurilsk,44.0306,145.8556,4.1,91,45,2.65,RU,1701792598
199,bilibino,68.0546,166.4372,-28.4,99,100,1.46,RU,1701792599
200,camana,-16.6228,-72.7111,22.17,72,100,4.27,PE,1701792599
201,pandan,14.0453,124.1694,26.49,88,68,4.11,PH,1701792599
202,yarmouth,41.7057,-70.2286,5.08,83,100,8.05,US,1701792599
203,dudinka,69.4058,86.1778,-36.29,98,49,2.24,RU,1701792599
204,east london,-33.0153,27.9116,17.52,94,100,2.06,ZA,1701792599
205,vila franca do campo,37.7167,-25.4333,18.27,99,100,6.63,PT,1701792600
206,caleta de carquin,-11.0925,-77.6267,22.35,73,41,4.99,PE,1701792600
207,weno,7.4515,151.8468,28.55,75,96,6.09,FM,1701792600
208,suva,-18.1416,178.4415,23.71,94,20,0.0,FJ,1701792497
209,aasiaat,68.7098,-52.8699,-18.01,99,90,3.35,GL,1701792601
210,flying fish cove,-10.4217,105.6791,25.82,88,75,4.12,CX,1701792601
211,phan thiet,10.9333,108.1,24.51,89,49,2.88,VN,1701792601
212,acarau,-2.8856,-40.12,31.81,59,20,8.99,BR,1701792602
213,garachico,28.7781,-17.7646,21.06,68,20,1.54,ES,1701792602
214,constantia,44.1833,28.65,6.5,75,100,3.49,RO,1701792602
215,ankazoabo,-22.2833,44.5167,28.65,40,95,3.49,MG,1701792603
216,codrington,-38.2667,141.9667,11.54,87,54,2.64,AU,1701792603
217,kalemie,-5.9475,29.1947,22.55,84,47,0.01,CD,1701792603
218,karratha,-20.7377,116.8463,27.53,67,3,4.99,AU,1701792604
219,walvis bay,-22.9575,14.5053,18.38,72,17,7.3,NA,1701792604
220,chonchi,-42.6128,-73.8092,18.56,54,28,2.34,CL,1701792604
221,oldenzaal,52.3,6.9333,1.9,93,100,2.68,NL,1701792605
222,kavieng,-2.5744,150.7967,27.58,80,100,3.98,PG,1701792605
223,ibresi,55.2961,47.0394,-13.63,97,97,3.39,RU,1701792605
224,lincheng,19.9078,109.6858,22.76,87,98,4.21,CN,1701792606
225,tomatlan,19.9333,-105.25,28.05,47,100,1.33,MX,1701792606
226,rio grande,-32.035,-52.0986,25.06,71,100,9.21,BR,1701792606
227,atar,20.5169,-13.0499,32.68,12,61,2.78,MR,1701792607
228,houlton,46.1262,-67.8403,-6.77,68,100,5.66,US,1701792607
229,la'ie,21.6477,-157.9253,24.5,80,71,3.58,US,1701792607
230,selfoss,63.9331,-20.9971,-3.82,75,42,4.5,IS,1701792608
231,brigantine,39.4101,-74.3646,7.8,68,20,3.6,US,1701792608
232,baturaja,-4.1333,104.1667,24.07,95,100,0.48,ID,1701792608
233,tromso,69.6496,18.957,-2.99,68,20,5.66,NO,1701792600
234,mount pearl,47.5166,-52.7813,1.36,84,100,0.89,CA,1701792609
235,fort st. john,56.2499,-120.8529,-1.4,87,9,2.53,CA,1701792609
236,taroa,8.7058,171.2275,27.89,79,96,9.97,MH,1701792609
237,jeddah,21.5169,39.2192,29.92,62,20,3.09,SA,1701792604
238,isafjordur,66.0755,-23.124,-0.98,86,0,2.57,IS,1701792609
239,bom jesus,-9.0744,-44.3586,36.36,30,97,1.6,BR,1701792610
240,xingtai,37.0631,114.4942,11.18,20,76,8.98,CN,1701792610
241,carnarvon,-24.8667,113.6333,24.22,75,57,11.04,AU,1701792610
242,akureyri,65.6835,-18.0878,-7.98,86,25,1.73,IS,1701792610
243,verkhnevilyuysk,63.4453,120.3167,-48.09,100,66,1.77,RU,1701792611
244,westport,41.1415,-73.3579,6.85,59,40,6.69,US,1701792611
245,timbuktu,16.7735,-3.0074,32.27,7,0,1.33,ML,1701792611
246,sihanoukville,10.6093,103.5296,25.97,94,40,1.03,KH,1701792611
247,dawei,14.0833,98.2,24.36,89,36,1.23,MM,1701792612
248,hola,51.5377,23.1902,-4.9,95,98,3.4,PL,1701792612
249,auki,-8.7676,160.7034,25.29,94,100,4.45,SB,1701792612
250,santana,-0.0583,-51.1817,30.1,79,40,1.54,BR,1701792612
251,acapulco de juarez,16.8634,-99.8901,28.9,58,40,1.54,MX,1701792454
252,bac lieu,9.285,105.7244,25.64,87,100,5.12,VN,1701792613
253,st. john's,47.5649,-52.7093,1.82,83,75,3.6,CA,1701792371
254,aigio,38.2486,22.0819,16.14,80,100,3.16,GR,1701792613
255,puerto san jose,13.9256,-90.8244,28.73,64,1,0.25,GT,1701792614
256,isyangulovo,52.1909,52.1909,-9.63,91,57,4.54,RU,1701792614
257,sinabang,2.4803,96.3801,27.05,79,96,1.75,ID,1701792614
258,oranjemund,-28.55,16.4333,18.96,72,1,9.71,NA,1701792615
259,villa union,23.2,-106.2333,25.51,64,20,1.54,MX,1701792615
260,komatipoort,-25.4332,31.9548,30.58,65,2,6.24,ZA,1701792615
261,tallahassee,30.4383,-84.2807,15.91,65,40,0.0,US,1701792452
262,ocean shores,46.9737,-124.1563,10.53,98,100,1.08,US,1701792616
263,hermanus,-34.4187,19.2345,20.08,61,10,10.3,ZA,1701792616
264,boa vista,2.8197,-60.6733,30.99,55,75,5.66,BR,1701792608
265,doksy,50.5647,14.6555,1.12,98,100,2.14,CZ,1701792617
266,aldinga beach,-35.2793,138.4604,19.13,85,68,4.4,AU,1701792617
267,badger,64.8,-147.5333,-20.11,75,75,0.0,US,1701792617
268,aykhal,66.0,111.5,-30.82,98,100,3.22,RU,1701792617
269,el tigre,8.8875,-64.2454,31.23,46,70,6.23,VE,1701792618
270,vorgashor,67.5833,63.95,-30.28,97,34,1.52,RU,1701792618
271,hyesan,41.4017,128.1778,-7.19,93,24,0.62,KP,1701792618
272,bel ombre,-4.6167,55.4167,27.82,75,7,4.09,SC,1701792619
273,yanykurgan,43.915,67.2481,10.59,48,100,4.58,KZ,1701792619
274,kittila,67.6647,24.8936,-10.92,92,100,1.54,FI,1701792619
275,pudozh,61.8099,36.5345,-14.47,97,89,0.89,RU,1701792620
276,luorong,24.4058,109.6086,18.7,68,100,0.79,CN,1701792620
277,morant bay,17.8815,-76.4093,31.51,72,46,4.99,JM,1701792620
278,fale old settlement,-9.3852,-171.2468,28.42,78,99,5.54,TK,1701792620
279,carlsbad,33.1581,-117.3506,21.61,49,0,0.0,US,1701792409
280,ouesso,1.6136,16.0517,27.68,65,100,1.17,CG,1701792621
281,moyale,3.5167,39.0584,23.87,37,17,3.65,KE,1701792621
282,santa cruz,-17.8,-63.1667,26.28,57,100,4.77,BO,1701792511
283,oliver,49.1831,-119.5524,5.29,97,100,3.06,CA,1701792622
284,acajutla,13.5928,-89.8275,30.76,55,3,1.18,SV,1701792622
285,puerto baquerizo moreno,-0.9,-89.6,25.55,83,100,7.72,EC,1701792622
286,san angelo,31.4638,-100.437,12.99,53,0,0.0,US,1701792556
287,queenstown,-31.8976,26.8753,16.87,65,21,9.83,ZA,1701792623
288,ciudad guayana,8.3533,-62.6528,32.51,61,68,3.81,VE,1701792623
289,sao joao da barra,-21.6403,-41.0511,32.05,78,79,5.34,BR,1701792623
290,vilyuchinsk,52.9306,158.4028,-3.37,83,26,4.77,RU,1701792624
291,dryden,49.7833,-92.7503,-3.84,86,100,1.54,CA,1701792624
292,skovorodino,53.9833,123.9167,-12.97,93,100,2.64,RU,1701792624
293,atbara,17.7022,33.9864,30.06,19,94,4.39,SD,1701792625
294,tsumeb,-19.2333,17.7167,26.06,48,100,8.75,NA,1701792625
295,slave lake,55.2834,-114.769,2.54,78,100,3.73,CA,1701792625
296,necochea,-38.5473,-58.7368,24.18,32,6,5.92,AR,1701792626
297,santa marta,11.2408,-74.199,32.16,59,20,4.47,CO,1701792568
298,shenjiamen,29.9576,122.298,12.46,57,90,1.2,CN,1701792626
299,tobruk,32.0836,23.9764,18.35,71,71,2.85,LY,1701792626
300,hasaki,35.7333,140.8333,9.05,78,100,1.73,JP,1701792627
301,ostersund,63.1792,14.6357,-13.75,85,100,0.0,SE,1701792627
302,cabinda,-5.55,12.2,26.47,75,100,1.92,AO,1701792628
303,sergeyevka,53.88,67.4158,-5.73,96,100,2.37,KZ,1701792628
304,twon-brass,4.3151,6.2418,28.52,71,35,4.7,NG,1701792474
305,lethem,3.3803,-59.7968,35.25,37,74,5.15,GY,1701792628
306,nikolayevsk-on-amure,53.1406,140.73,-10.56,91,100,1.81,RU,1701792629
307,sisimiut,66.9395,-53.6735,-9.83,82,20,4.89,GL,1701792629
308,eyl,7.9803,49.8164,26.37,60,73,10.64,SO,1701792629
309,port nelson,23.6333,-74.8333,26.49,76,64,4.11,BS,1701792630
310,chiredzi,-21.05,31.6667,34.08,20,1,4.62,ZW,1701792631
311,mchinji,-13.7984,32.8802,27.15,31,56,1.7,MW,1701792631
312,toliara,-23.35,43.6667,24.33,80,84,2.99,MG,1701792632
313,tete,-16.1564,33.5867,33.71,20,1,2.1,MZ,1701792633
314,lae,-6.7221,146.9847,24.2,74,53,2.52,PG,1701792633
315,santiago de cao,-7.9589,-79.2392,20.07,83,75,5.14,PE,1701792557
316,niafunke,15.9322,-3.9906,33.12,8,0,1.5,ML,1701792634
317,pagar alam,-4.0167,103.2667,21.07,96,97,0.63,ID,1701792635
318,miri,4.4148,114.0089,25.9,90,100,2.43,MY,1701792635
319,qujing,25.4833,103.7833,12.58,72,100,2.33,CN,1701792635
320,lisala,2.15,21.5167,25.5,77,23,1.41,CD,1701792636
321,tabuk,17.4189,121.4443,23.12,97,91,1.18,PH,1701792636
322,latrobe,40.3212,-79.3795,3.41,73,100,2.57,US,1701792417
323,haiku-pauwela,20.9219,-156.3051,22.25,86,0,6.69,US,1701792637
324,portland,45.5234,-122.6762,15.06,95,100,4.63,US,1701792451
325,rabaul,-4.1967,152.1721,28.12,75,100,2.66,PG,1701792637
326,boende,-0.2167,20.8667,24.91,87,90,1.48,CD,1701792638
327,alice springs,-23.7,133.8833,21.75,49,0,0.0,AU,1701792638
328,athens,37.9795,23.7162,16.77,75,40,3.6,GR,1701792541
329,quillacollo,-17.4,-66.2833,22.85,45,100,1.34,BO,1701792640
330,uturoa,-16.7333,-151.4333,27.33,77,100,7.57,PF,1701792641
331,ketchikan,55.3422,-131.6461,9.26,81,100,8.75,US,1701792641
332,vanimo,-2.6741,141.3028,28.23,78,87,4.52,PG,1701792641
333,shingu,33.7333,135.9833,10.34,96,100,1.55,JP,1701792642
334,hargeysa,9.56,44.065,17.71,61,41,3.85,SO,1701792642
335,san patricio,28.017,-97.5169,17.71,62,100,2.27,US,1701792643
336,dzhankoy,45.7167,34.4,1.86,70,63,5.02,UA,1701792643
337,troitsko-pechorsk,62.7084,56.1964,-18.5,84,98,4.02,RU,1701792643
338,lake munmorah,-33.1936,151.5719,23.22,80,16,1.78,AU,1701792644
339,mabaruma,8.2,-59.7833,32.12,48,18,2.96,GY,1701792644
340,xiaoshi,41.2971,124.1209,1.06,95,67,2.43,CN,1701792645
341,kenai,60.5544,-151.2583,-1.59,93,100,0.0,US,1701792645
342,big bend,-26.8167,31.9333,25.01,65,99,5.05,SZ,1701792645
343,merizo village,13.2658,144.6691,27.31,87,6,8.11,GU,1701792645
344,keflavik,64.0049,-22.5624,2.24,69,40,4.63,IS,1701792645
345,goundam,16.4145,-3.6708,32.46,7,0,1.72,ML,1701792645
346,shelton,41.3165,-73.0932,6.39,59,40,6.69,US,1701792646
347,igarka,67.4667,86.5833,-41.69,98,60,1.25,RU,1701792646
348,gamba,-2.65,10.0,23.98,92,100,2.37,GA,1701792646
349,ciudad melchor muzquiz,27.8833,-101.5167,18.42,33,0,0.56,MX,1701792646
350,savelugu,9.6244,-0.8253,37.15,7,2,2.48,GH,1701792646
351,amungan,15.3652,119.9582,28.2,81,100,5.94,PH,1701792646
352,xinyuan,37.3,99.0,-10.5,46,0,4.14,CN,1701792646
353,tabou,4.423,-7.3528,29.57,67,40,2.04,CI,1701792647
354,petauke,-14.2426,31.3253,29.28,23,27,1.16,ZM,1701792647
355,gao,16.6362,1.637,33.27,7,0,3.07,ML,1701792647
356,diu,20.7141,70.9822,26.98,56,90,3.47,IN,1701792647
357,sakakah,29.9697,40.2064,22.76,32,0,3.97,SA,1701792647
358,port alfred,-33.5906,26.891,18.43,77,100,2.24,ZA,1701792647
359,lorengau,-2.0226,147.2712,27.04,83,69,3.1,PG,1701792647
360,argenton-sur-creuse,46.59,1.5198,8.19,72,32,4.38,FR,1701792648
361,kimbe,-5.5502,150.1429,23.99,96,88,1.11,PG,1701792648
362,celestun,20.8667,-90.4,25.35,83,100,4.24,MX,1701792648
363,ta`u,-14.2336,-169.5144,27.29,79,98,9.07,AS,1701792648
364,pisco,-13.7,-76.2167,22.79,78,84,4.12,PE,1701792648
365,pajok,3.8651,32.4821,26.24,52,90,1.29,SS,1701792648
366,sandnessjoen,66.0217,12.6316,-0.88,93,75,4.63,NO,1701792648
367,songea,-10.6833,35.65,22.36,77,87,1.77,TZ,1701792648
368,newport,51.5877,-2.9984,7.47,85,100,2.14,GB,1701792649
369,la libertad,-2.2333,-80.9,26.81,74,75,4.63,EC,1701791844
370,tongchuanshi,35.0806,109.0897,5.35,27,17,10.21,CN,1701792649
371,nuuk,64.1835,-51.7216,-3.66,54,40,1.54,GL,1701792649
372,chongwe,-15.3292,28.682,30.77,19,10,2.01,ZM,1701792649
373,seabra,-12.4186,-41.7703,33.68,27,92,4.93,BR,1701792649
374,cromwell,41.5951,-72.6454,5.55,67,100,4.63,US,1701792649
375,tamanrasset,22.785,5.5228,25.95,9,0,2.57,DZ,1701792649
376,kayyerkan,69.3786,87.7439,-35.43,92,28,1.04,RU,1701792650
377,ust'-barguzin,53.45,108.9833,-13.81,89,100,9.51,RU,1701792650
378,angaur state,6.906,134.13,28.24,79,50,3.98,PW,1701792650
379,midvagur,62.0511,-7.1939,1.46,80,24,0.51,FO,1701792650
380,coihueco,-36.6167,-71.8333,16.41,63,75,6.17,CL,1701792650
381,mil'kovo,55.6078,37.7956,-8.27,100,65,1.69,RU,1701792650
382,nadym,65.5333,72.5167,-40.39,100,42,1.64,RU,1701792651
383,roxas,11.5853,122.7511,24.52,89,61,2.43,PH,1701792462
384,nalundan,9.75,123.0667,24.27,89,74,1.6,PH,1701792651
385,hobyo,5.3505,48.5268,26.89,67,32,7.0,SO,1701792651
386,el higo,21.7667,-98.4667,22.64,79,100,1.46,MX,1701792651
387,hudiksvall,61.729,17.1036,-12.41,97,65,1.46,SE,1701792651
388,nouadhibou,20.931,-17.0347,24.99,65,95,3.6,MR,1701792651
389,general levalle,-34.0147,-63.9241,17.57,88,80,4.79,AR,1701792651
390,illizi,26.4833,8.4667,22.45,15,17,2.65,DZ,1701792652
391,birao,10.2849,22.7882,30.94,16,44,2.18,CF,1701792652
392,newman,37.3138,-121.0208,7.92,83,59,0.65,US,1701792652
393,bauru,-22.3147,-49.0606,29.9,57,84,1.34,BR,1701792500
394,loch garman,52.3342,-6.4575,5.63,100,77,1.34,IE,1701792600
395,kangding,30.0513,101.9603,4.43,50,100,2.52,CN,1701792652
396,camayenne,9.535,-13.6878,28.14,73,0,6.01,GN,1701792652
397,faro,37.0194,-7.9322,13.88,82,75,5.66,PT,1701792652
398,palapye,-22.546,27.1251,35.57,8,23,6.75,BW,1701792652
399,sawakin,19.1059,37.3321,28.07,66,20,3.35,SD,1701792653
400,brookings,44.3114,-96.7984,-2.71,85,0,3.09,US,1701792552
401,gadzhiyevo,69.2551,33.3362,-5.66,72,100,8.59,RU,1701792653
402,boundiali,9.5217,-6.4869,34.92,13,4,2.37,CI,1701792653
403,fengcheng,40.4536,124.0717,2.64,98,100,1.54,CN,1701792653
404,port lincoln,-34.7333,135.8667,16.86,74,87,5.14,AU,1701792653
405,gornopravdinsk,60.05,69.9,-19.88,93,99,4.3,RU,1701792653
406,tobol'sk,58.2,68.2667,-18.01,98,90,3.04,RU,1701792654
407,puerto armuelles,8.2833,-82.8667,29.99,68,0,1.34,PA,1701792654
408,orkney,-26.9802,26.6727,32.13,16,97,3.54,ZA,1701792654
409,khanty-mansiysk,61.0042,69.0019,-27.94,69,0,5.0,RU,1701792654
410,dili,-8.5586,125.5736,28.53,71,99,0.99,TL,1701792654
411,neelankarai,12.9455,80.2575,28.03,89,75,2.57,IN,1701792654
412,egilsstadir,65.2653,-14.3948,-15.05,85,40,2.06,IS,1701792654
413,kermanshah,34.3142,47.065,10.5,30,4,0.51,IR,1701792604
414,cabo san lucas,22.8909,-109.9124,25.42,50,0,3.6,MX,1701792336
415,san ignacio,17.1561,-89.0714,28.08,83,40,2.06,BZ,1701792655
416,santyoku,37.4406,129.1708,3.52,79,0,3.14,KR,1701792655
417,nar'yan-mar,67.6713,53.087,-29.38,94,5,3.13,RU,1701792655
418,tucuma,-0.1833,-50.05,30.23,63,93,2.72,BR,1701792369
419,crane,31.3974,-102.3501,14.01,31,7,4.2,US,1701792655
420,metlili chaamba,32.2667,3.6333,18.09,23,100,2.43,DZ,1701792656
421,el calafate,-50.3408,-72.2768,11.16,66,11,4.48,AR,1701792656
422,urucara,-2.5364,-57.76,30.29,69,78,2.33,BR,1701792656
423,simanggang,1.2472,111.4528,23.42,99,100,0.31,MY,1701792656
424,basco,20.4487,121.9702,25.69,84,89,7.2,PH,1701792656
425,takoradi,4.8845,-1.7554,29.62,69,52,2.86,GH,1701792656
426,buka,40.8108,69.1986,12.6,34,35,1.26,UZ,1701792657
427,chernyshevskiy,63.0128,112.4714,-45.53,100,55,1.09,RU,1701792657
428,mejit,10.2753,170.8646,27.57,79,77,9.99,MH,1701792657
429,rahimah,26.7079,50.0619,20.12,59,0,4.01,SA,1701792657
430,oskarshamn,57.2645,16.4484,-1.68,99,28,0.99,SE,1701792657
431,novovarshavka,54.1721,74.6946,-0.39,96,100,2.92,RU,1701792657
432,statesboro,32.4488,-81.7832,14.89,53,0,2.57,US,1701792566
433,tefe,-3.3542,-64.7114,32.06,66,40,4.12,BR,1701792658
434,arraial do cabo,-22.9661,-42.0278,28.92,74,75,3.09,BR,1701792658
435,kolonia town,6.964,158.206,25.0,94,100,0.0,FM,1701792658
436,severo-yeniseyskiy,60.3725,93.0408,-39.23,100,40,1.27,RU,1701792658
437,coracora,-15.0333,-73.7833,18.49,26,79,5.72,PE,1701792658
438,san juan de miraflores,-12.1629,-76.9635,21.29,65,50,3.98,PE,1701792658
439,lianyuan,27.6883,111.6642,14.9,73,92,0.91,CN,1701792658
440,aquidauana,-20.4711,-55.7872,31.22,51,95,2.37,BR,1701792659
441,quelimane,-17.8786,36.8883,26.35,68,1,4.03,MZ,1701792659
442,yerofey pavlovich,53.9667,121.9667,-12.93,91,100,1.67,RU,1701792659
443,kargopol',61.5071,38.9456,-20.07,100,88,0.67,RU,1701792659
444,usogorsk,63.4106,48.6872,-19.07,98,93,1.84,RU,1701792659
445,bam,29.106,58.357,15.39,22,75,0.19,IR,1701792659
446,el bayadh,33.6832,1.0193,13.45,21,100,2.42,DZ,1701792659
447,tarumovka,44.0761,46.5361,5.33,57,100,1.97,RU,1701792659
448,sal rei,16.1833,-22.9167,26.11,61,75,7.72,CV,1701792660
449,talcahuano,-36.7167,-73.1167,13.41,83,60,3.27,CL,1701792660
450,tangalle,6.024,80.7911,25.09,94,65,1.73,LK,1701792660
451,xinyu,27.8043,114.9334,11.83,71,26,0.49,CN,1701792660
452,salahonda,2.1019,-78.7217,26.59,84,44,5.95,CO,1701792660
453,minas de marcona,-15.2119,-75.1103,25.39,40,100,2.17,PE,1701792660
454,island harbour,50.724,-1.2758,7.18,89,100,2.24,GB,1701792660
455,al wasitah,29.3378,31.2056,20.47,41,0,2.33,EG,1701792439
456,san luis de la loma,17.2706,-100.8939,32.18,50,100,0.55,MX,1701792661
457,natal,-5.795,-35.2094,31.36,58,75,7.2,BR,1701792661
458,luderitz,-26.6481,15.1594,15.74,87,7,13.4,NA,1701792661
459,constitucion,-35.3333,-72.4167,13.78,79,100,4.46,CL,1701792661
460,tan-tan,28.438,-11.1032,19.49,67,100,1.56,MA,1701792661
461,uttar char fasson,22.2332,90.7132,22.46,69,100,3.0,BD,1701792661
462,mandalgovi,45.7625,106.2708,-10.57,45,4,5.3,MN,1701792662
463,las khorey,11.1595,48.1967,26.35,72,9,7.59,SO,1701792662
464,vadso,70.0744,29.7487,-4.91,68,40,8.75,NO,1701792662
465,telica,12.522,-86.8594,28.91,62,5,2.25,NI,1701792662
466,mili,6.0815,171.735,28.01,79,100,10.16,MH,1701792662
467,harstad,68.799,16.5293,-2.14,94,83,5.81,NO,1701792662
468,kodinsk,58.6881,99.1844,-27.53,100,100,0.91,RU,1701792662
469,mount gambier,-37.8333,140.7667,9.66,98,74,1.48,AU,1701792663
470,gazojak,41.1875,61.4036,13.8,32,100,3.71,TM,1701792663
471,al bawiti,28.3492,28.8659,18.24,43,0,3.76,EG,1701792663
472,leninskiy,54.2781,37.4558,-13.42,100,99,2.02,RU,1701792663
473,choyr,46.3611,108.3611,-15.91,83,2,4.27,MN,1701792663
474,naryn,41.4287,75.9911,-3.01,55,16,3.72,KG,1701792381
475,lewiston orchards,46.3804,-116.9754,12.15,83,100,6.69,US,1701792663
476,insar,53.8653,44.3738,-9.8,96,97,2.85,RU,1701792664
477,lata,40.1629,-8.3327,10.04,76,100,2.85,PT,1701792664
478,malango,-2.9627,119.9001,20.57,95,86,0.53,ID,1701792664
479,monforte de lemos,42.5216,-7.5142,7.54,89,100,0.98,ES,1701792664
480,kupang,-10.1667,123.5833,26.32,94,70,1.03,ID,1701792664
481,challapata,-18.9,-66.7667,12.8,48,100,2.18,BO,1701792665
482,yur'yevets,57.3201,43.1041,-11.4,97,95,2.06,RU,1701792665
483,ceerigaabo,10.6162,47.368,15.59,52,25,2.51,SO,1701792665
484,labrador city,52.9463,-66.9114,-16.05,78,75,2.06,CA,1701792665
485,dno,57.8277,29.9637,-19.16,100,71,1.03,RU,1701792665
486,san clemente,33.427,-117.612,21.53,42,43,1.04,US,1701792665
487,zhanaozen,43.3,52.8,3.38,76,94,6.73,KZ,1701792665
488,soto la marina,23.7667,-98.2167,21.51,79,100,0.93,MX,1701792666
489,taoudenni,22.6783,-3.9836,27.76,8,97,3.42,ML,1701792666
490,naracoorte,-36.9579,140.7383,10.41,95,67,3.03,AU,1701792666
491,jabat,7.75,168.9751,27.54,81,100,9.79,MH,1701792666
492,page,36.9147,-111.4558,6.88,56,0,0.0,US,1701792666
493,plettenberg bay,-34.0527,23.3716,18.16,79,100,3.62,ZA,1701792667
494,borzya,50.3833,116.5167,-16.4,76,97,9.8,RU,1701792667
495,malindi,-3.2175,40.1191,25.63,84,35,2.78,KE,1701792667
496,lucapa,-8.4192,20.7447,22.7,86,92,1.3,AO,1701792668
497,dwarka,22.2394,68.9678,25.16,45,0,8.99,IN,1701792668
498,gounou gaya,9.6294,15.5132,33.59,17,61,1.81,TD,1701792668
499,belmonte,-15.8631,-38.8828,32.37,45,52,4.16,BR,1701792668
500,jayapura,-2.5333,140.7,24.66,93,95,0.89,ID,1701792668
501,picota,-6.9197,-76.3304,25.27,53,91,1.47,PE,1701792668
502,papao,-17.75,-149.55,25.82,77,100,6.78,PF,1701792669
503,daru,-9.0763,143.2092,26.84,74,61,4.64,PG,1701792618
504,tannum sands,-23.9504,151.3693,23.94,83,40,2.57,AU,1701792669
505,kirensk,57.7853,108.1119,-25.83,99,100,1.01,RU,1701792669
506,kudahuvadhoo,2.6708,72.8944,28.16,78,59,6.07,MV,1701792669
507,semporna,4.4818,118.6112,25.15,89,93,0.69,MY,1701792670
508,atamyrat,37.8357,65.2106,16.45,24,0,3.34,TM,1701792670
509,armidale,-30.5167,151.65,15.93,57,0,1.43,AU,1701792670
510,sao gabriel da cachoeira,-0.1303,-67.0892,30.3,66,66,1.3,BR,1701792670
511,zakamensk,50.3741,103.2863,-18.64,94,98,0.43,RU,1701792671
512,markovo,57.3206,107.0881,-24.42,97,100,1.6,RU,1701792671
513,palmer,42.1584,-72.3287,3.86,60,75,4.12,US,1701792671
514,machico,32.7,-16.7667,24.45,77,20,4.12,PT,1701792672
515,abong mbang,3.9833,13.1833,27.65,55,68,1.23,CM,1701792672
516,leava,-14.3,-178.1667,28.52,75,100,7.7,WF,1701792672
517,taro,-8.3862,115.28,23.0,96,81,1.49,ID,1701792673
518,kermit,31.8576,-103.0927,10.41,40,0,4.12,US,1701792520
519,banff,51.1762,-115.5698,3.05,98,100,1.59,CA,1701792673
520,smithers,54.7804,-127.1743,-1.38,98,88,1.85,CA,1701792673
521,marshfield,44.6689,-90.1718,0.97,80,100,1.54,US,1701792593
522,ust'-ilimsk,58.0006,102.6619,-26.98,99,91,0.45,RU,1701792673
523,drayton valley,53.2168,-114.9854,-0.29,85,100,2.99,CA,1701792673
524,nantucket,41.2835,-70.0995,5.08,70,23,5.83,US,1701792674
525,ataq,14.5377,46.8319,19.47,28,15,3.26,YE,1701792674
526,tazacorte,28.629,-17.9293,22.54,91,20,1.54,ES,1701792674
527,touros,-5.1989,-35.4608,27.25,78,36,8.87,BR,1701792674
528,pursat,12.3333,103.6667,24.47,82,84,1.51,KH,1701792674
529,lazaro cardenas,17.9583,-102.2,27.41,55,100,3.4,MX,1701792572
530,labytnangi,66.6572,66.4183,-31.51,96,16,1.78,RU,1701792674
531,namibe,-15.1961,12.1522,23.26,88,98,3.81,AO,1701792674
532,macau,22.2006,113.5461,22.62,78,0,2.06,MO,1701792675
533,key west,24.5557,-81.7826,27.0,61,0,5.66,US,1701792426
534,miyako,39.6367,141.9525,6.37,75,82,1.81,JP,1701792675
535,kristiansund,63.1115,7.732,-1.64,69,75,3.09,NO,1701792675
536,keetmanshoop,-26.5833,18.1333,35.29,10,12,3.22,NA,1701792675
537,pauini,-7.7136,-66.9764,29.16,64,91,1.13,BR,1701792676
538,manturovo,58.3353,44.7619,-12.9,98,92,1.52,RU,1701792676
539,diamantina,-18.2494,-43.6003,26.76,52,37,2.5,BR,1701792396
540,bamboo flat,11.7,92.7167,27.05,89,40,1.03,IN,1701792676
541,kharkiv,50.0,36.25,-2.06,66,98,0.52,UA,1701792429
542,napa,38.4832,-122.3344,11.75,72,100,1.03,US,1701792676
543,highfields,-27.4518,151.9463,18.53,93,3,2.55,AU,1701792676
544,bahia de kino,28.8333,-111.9333,19.88,58,14,3.16,MX,1701792677
545,crixas,-14.5489,-49.9692,37.31,29,35,1.86,BR,1701792677
546,siguiri,11.6667,-9.5,35.51,12,0,1.71,GN,1701792469
547,idrinskoye,54.3708,92.1358,-13.91,96,100,1.79,RU,1701792677
548,lospalos,-8.5186,127.0025,24.25,86,100,1.56,TL,1701792678
549,inarajan village,13.2736,144.7484,27.54,87,6,8.11,GU,1701792679
550,barra do bugres,-15.0725,-57.1811,34.78,41,100,1.06,BR,1701792679
551,gufeng,26.9083,118.9819,8.45,94,1,1.0,CN,1701792680
552,elesbao veloso,-6.2019,-42.1403,39.92,23,63,2.35,BR,1701792680
553,hadibu,12.65,54.0333,26.23,64,21,9.18,YE,1701792681
554,nabire,-3.3667,135.4833,26.8,81,100,1.74,ID,1701792682
555,chilecito,-29.1619,-67.4974,23.22,43,1,2.44,AR,1701792682
556,jieshou,33.2634,115.3611,15.21,23,100,6.77,CN,1701792682
557,patacamaya,-17.2333,-67.9167,13.41,60,100,4.99,BO,1701792683
558,ryotsu-minato,38.0833,138.4333,13.16,56,96,1.82,JP,1701792684
559,bikaner,28.0167,73.3,18.95,34,0,2.7,IN,1701792684
560,chota,-6.55,-78.65,18.96,66,69,2.33,PE,1701792685
561,temara,33.9287,-6.9066,23.05,76,75,4.12,MA,1701792685
562,kunashak,55.7032,61.5498,-10.71,95,77,2.84,RU,1701792686
563,nova xavantina,-14.6667,-52.35,37.32,29,84,2.17,BR,1701792617
564,ostrovskoye,57.8057,42.2433,-13.3,99,95,1.58,RU,1701792686
565,padangsidempuan,1.3667,99.2667,22.57,98,94,1.09,ID,1701792687
566,bozeman,45.6796,-111.0386,7.74,74,0,1.54,US,1701792687
567,ola,59.5833,151.2833,-32.47,70,16,3.11,RU,1701792687
568,bereznik,62.8551,42.7072,-19.75,99,81,1.04,RU,1701792687
569,likiep,9.8251,169.3107,27.46,79,24,9.49,MH,1701792688
570,dolores,-36.3132,-57.6792,21.05,55,92,6.1,AR,1701792690
571,tuburan,6.6439,122.2736,27.96,78,100,3.41,PH,1701792690
572,nizhneangarsk,55.7833,109.55,-20.55,77,100,3.58,RU,1701792690
573,pishva,35.308,51.7267,15.45,17,0,0.33,IR,1701792691
574,skelleftea,64.7507,20.9528,-11.8,100,100,1.54,SE,1701792691
575,manokwari,-0.8667,134.0833,25.0,88,100,2.31,ID,1701792691
